id,name,email,emailVerified,role
cmfyrg6tz0000ipv4tq5aws3a,Mrs. Paulette Mitchell I,Jaeden80@gmail.com,,student
cmfyrg6vm0001ipv431hoi1mc,Lora Murazik,Deborah.Padberg@hotmail.com,,student
cmfyrg6x10002ipv4e2hgj9i7,Lowell Schiller,Dee17@gmail.com,,student
cmfyrg6yf0003ipv47srat149,Miss Antoinette Mohr,Brenden.Mayert61@yahoo.com,,student
cmfyrg6zq0004ipv4uigxx454,Terry Gleason,Rowan_Raynor@hotmail.com,,student
cmfyrg7170005ipv4qdncer9r,Candace Runolfsson,Josie.Cronin@hotmail.com,,student
cmfyrg72u0006ipv4wmt9guw7,Victor Hilpert,Cynthia_Kuhic@yahoo.com,,student
cmfyrg74b0007ipv4cbxas77n,Roxanne Weber,Fern53@gmail.com,,student
cmfyrg75u0008ipv4485zznkj,Gwendolyn Willms,Moshe.Bergstrom10@hotmail.com,,student
cmfyrg77a0009ipv4cxbslo0t,Vicki Rath,Charley.Tromp@yahoo.com,,student
cmfyt6a930000ipyokuvjy4da,Dr. Guadalupe Mertz-Sipes Sr.,Dusty.Hartmann60@hotmail.com,2025-09-25 02:43:16.691,student
cmfyt6aar0001ipyozs0b8bjo,Edmund Cartwright,Vena.Bergnaum44@yahoo.com,2025-09-25 02:43:17.282,instructor
cmfyt6ac70002ipyotkju2pmq,Ms. Ginger Hane,Jordane.Deckow17@hotmail.com,2025-09-25 02:43:17.335,student
cmfyt6adq0003ipyolr8xnwov,Doris Conroy DDS,Ole39@hotmail.com,2025-09-25 02:43:17.39,instructor
cmfyt6af60004ipyowfeptj75,Tricia Cronin,Curt47@hotmail.com,2025-09-25 02:43:17.442,instructor
cmfyt6agm0005ipyo4ftt868k,Mrs. Myra Huel,Donnie.Boehm@yahoo.com,2025-09-25 02:43:17.494,student
cmfyt6ai20006ipyov1lp9e2n,Curtis Russel V,Roxanne.Jerde81@yahoo.com,2025-09-25 02:43:17.544,instructor
cmfyt6ajl0007ipyo3ooahnwe,Dr. Rex Keeling,Addison_Conn72@hotmail.com,2025-09-25 02:43:17.6,student
cmfyt6al80008ipyo9htshsdw,Trevor Schoen,Kaelyn.Mayer@hotmail.com,2025-09-25 02:43:17.659,student
cmfyt6and0009ipyo6qxc2yjo,Mrs. Christine Veum,Leon_Keebler@hotmail.com,2025-09-25 02:43:17.736,instructor
cmfyt6ap0000aipyots066enk,Leland Volkman,Clovis.Harris71@yahoo.com,2025-09-25 02:43:17.792,student
cmfyt6aqk000bipyota7e3ucx,Chad Ward,Vern.Jerde43@hotmail.com,2025-09-25 02:43:17.851,instructor
cmfyt6as6000cipyo0cnwe2ce,Doreen Schmidt,Cleve_Berge41@yahoo.com,2025-09-25 02:43:17.908,instructor
cmfyt6ato000dipyo23jeqias,Al Yost,Coralie.Durgan54@yahoo.com,2025-09-25 02:43:17.963,student
cmfyt6av6000eipyorn5typf9,Chester Veum,Jedidiah.Lockman@hotmail.com,2025-09-25 02:43:18.017,student
cmfytsjd90000ipdbwi9m719a,Herbert Morar PhD,Taylor.Johns-Miller@hotmail.com,2025-09-25 03:00:34.979,student
cmfytsjen0001ipdbd5nk2gc6,Dr. Regina Abernathy,Reyes2@hotmail.com,2025-09-25 03:00:35.519,instructor
cmfytsjfx0002ipdb0trkzkto,Dr. Christopher Dibbert-Stehr,Kareem_Anderson@gmail.com,2025-09-25 03:00:35.565,student
cmfytsjh90003ipdbt5e6i36x,Gerard Ryan PhD,Garrison.Padberg@hotmail.com,2025-09-25 03:00:35.613,instructor
cmfytsjin0004ipdb4nyx0y1z,Bryan Nitzsche,Jamal.Pfeffer@gmail.com,2025-09-25 03:00:35.662,instructor
cmfytsjk40005ipdbizchvsvh,Daisy Fahey,Wilbert.McDermott57@yahoo.com,2025-09-25 03:00:35.714,instructor
cmfytsjlh0006ipdbuygdm9u8,Natasha Hyatt,Karina19@gmail.com,2025-09-25 03:00:35.764,instructor
cmfytsjmv0007ipdb58c8v1h2,Stephen Anderson,Conor10@yahoo.com,2025-09-25 03:00:35.813,instructor
cmfytsjoa0008ipdbm8ltnr2h,Eleanor Adams,Jessie.Marquardt@hotmail.com,2025-09-25 03:00:35.863,student
cmfytsjpq0009ipdbl4gd7s2x,Rachael Mitchell,Bethel3@gmail.com,2025-09-25 03:00:35.916,student
cmfytsjr6000aipdbasala4hl,Francisco Aufderhar,Kurt.Johns97@gmail.com,2025-09-25 03:00:35.969,instructor
cmfytsjso000bipdbsyh12w8a,Peter Stracke,Violet_Emmerich43@yahoo.com,2025-09-25 03:00:36.023,instructor
cmfytsju5000cipdb9assegsn,Alfonso VonRueden I,Gracie_Hirthe31@hotmail.com,2025-09-25 03:00:36.075,student
cmfytsjvj000dipdbmrbsyjo5,Jeanne Morar II,Timmothy.Jones@yahoo.com,2025-09-25 03:00:36.125,student
cmfytsjx2000eipdbqigot6j1,Ms. Robyn Ankunding,Landen67@yahoo.com,2025-09-25 03:00:36.18,instructor